1)sigmaName,2)regulatedName,3)function,5)confidenceLevel 
sigma19,fecA,+,C 
sigma19,fecB,+,C 
sigma19,fecC,+,C 
sigma19,fecD,+,C 
sigma19,fecE,+,C 
sigma24,ahpF,+,S 
sigma24,apaG,+,W 
sigma24,apaH,+,W 
sigma24,asflhD,+,W 
sigma24,bacA,+,S 
sigma24,bamA,+,S 
sigma24,bamB,+,S 
sigma24,bamC,+,S 
sigma24,bamD,+,S 
sigma24,bamE,+,S 
sigma24,bepA,+,S 
sigma24,bhsA,+,W 
sigma24,cca,+,S 
sigma24,clpX,+,S 
sigma24,cyaR,+,C 
sigma24,degP,+,S 
sigma24,der,+,S 
sigma24,dnaE,+,S 
sigma24,dolP,+,S 
sigma24,dsbC,+,S 
sigma24,eptB,+,S 
sigma24,essD,+,S 
sigma24,fabZ,+,S 
sigma24,fadM,+,W 
sigma24,fkpA,+,S 
sigma24,ftnB,+,S 
sigma24,fusA,+,S 
sigma24,greA,+,S 
sigma24,gspA,+,S 
sigma24,gspB,+,S 
sigma24,hcp,+,S 
sigma24,hcr,+,S 
sigma24,hokE,+,W 
sigma24,hpf,+,S 
sigma24,ibaG,+,W 
sigma24,insK,+,W 
sigma24,lgoR,+,W 
sigma24,lhr,+,S 
sigma24,lon,+,S 
sigma24,lptA,+,S 
sigma24,lptB,+,S 
sigma24,lptD,+,S 
sigma24,lpxA,+,S 
sigma24,lpxB,+,S 
sigma24,lpxD,+,S 
sigma24,lpxP,+,S 
sigma24,lyxK,+,S 
sigma24,malQ,+,S 
sigma24,matA,+,W 
sigma24,micA,+,S 
sigma24,micL,+,S 
sigma24,mscM,+,S 
sigma24,mzrA,+,S 
sigma24,narV,+,S 
sigma24,narW,+,S 
sigma24,opgG,+,S 
sigma24,opgH,+,S 
sigma24,pdxA,+,W 
sigma24,phoQ,+,W 
sigma24,plsB,+,S 
sigma24,prfB,+,S 
sigma24,psd,+,S 
sigma24,ptsN,+,S 
sigma24,rapZ,+,S 
sigma24,rclA,+,W 
sigma24,rclB,+,W 
sigma24,rclC,+,W 
sigma24,recJ,+,S 
sigma24,recR,+,S 
sigma24,rfaD,+,S 
sigma24,rflP,+,W 
sigma24,rnhB,+,S 
sigma24,rnlB,+,S 
sigma24,rpoD,+,S 
sigma24,rpoE,+,S 
sigma24,rpoH,+,S 
sigma24,rpoN,+,S 
sigma24,rrrD,+,S 
sigma24,rseA,+,S 
sigma24,rseB,+,S 
sigma24,rseC,+,S 
sigma24,rseP,+,S 
sigma24,rsmA,+,W 
sigma24,rutR,+,S 
sigma24,rybB,+,S 
sigma24,rzpD,+,S 
sigma24,sbmA,+,S 
sigma24,sgbE,+,S 
sigma24,sgbH,+,S 
sigma24,sgbU,+,S 
sigma24,sixA,+,S 
sigma24,skp,+,S 
sigma24,stfZ,+,W 
sigma24,surA,+,W 
sigma24,tufA,+,S 
sigma24,uspD,+,S 
sigma24,waaC,+,S 
sigma24,waaF,+,S 
sigma24,waaL,+,S 
sigma24,wza,+,S 
sigma24,wzb,+,S 
sigma24,wzc,+,S 
sigma24,yaiW,+,S 
sigma24,ybaB,+,S 
sigma24,ybfG,+,S 
sigma24,ydhI,+,S 
sigma24,ydhJ,+,S 
sigma24,ydhK,+,S 
sigma24,yeaY,+,S 
sigma24,yfeK,+,S 
sigma24,yfeS,+,S 
sigma24,yfeX,+,S 
sigma24,yfeY,+,S 
sigma24,yfgD,+,S 
sigma24,yggN,+,S 
sigma24,yghF,+,S 
sigma24,ygiM,+,S 
sigma24,yhjJ,+,S 
sigma24,yiaK,+,S 
sigma24,yiaL,+,S 
sigma24,yiaM,+,S 
sigma24,yiaN,+,S 
sigma24,yiaO,+,S 
sigma24,yicI,+,S 
sigma24,yicJ,+,S 
sigma24,yidQ,+,S 
sigma24,yieE,+,S 
sigma24,yieF,+,S 
sigma24,yiiS,+,S 
sigma24,yoaC,+,W 
sigma24,yqjA,+,S 
sigma24,ytfJ,+,S 
sigma28,aer,+,S 
sigma28,cheA,+,W 
sigma28,cheB,+,S 
sigma28,cheR,+,S 
sigma28,cheW,+,W 
sigma28,cheY,+,S 
sigma28,cheZ,+,S 
sigma28,flgK,+,W 
sigma28,flgL,+,W 
sigma28,flgM,+,W 
sigma28,flgN,+,W 
sigma28,flgO,+,W 
sigma28,fliA,+,S 
sigma28,fliC,+,S 
sigma28,fliD,+,S 
sigma28,fliE,+,W 
sigma28,fliF,+,W 
sigma28,fliG,+,W 
sigma28,fliH,+,W 
sigma28,fliI,+,W 
sigma28,fliJ,+,W 
sigma28,fliK,+,W 
sigma28,fliL,+,S 
sigma28,fliM,+,S 
sigma28,fliN,+,S 
sigma28,fliO,+,S 
sigma28,fliP,+,S 
sigma28,fliQ,+,S 
sigma28,fliR,+,S 
sigma28,fliS,+,S 
sigma28,fliT,+,S 
sigma28,fliX,+,S 
sigma28,fliZ,+,S 
sigma28,flxA,+,W 
sigma28,hemL,+,W 
sigma28,ispE,+,W 
sigma28,lolB,+,W 
sigma28,modA,+,W 
sigma28,modB,+,W 
sigma28,modC,+,W 
sigma28,motA,+,W 
sigma28,motB,+,W 
sigma28,motR,+,W 
sigma28,oppA,+,W 
sigma28,oppB,+,W 
sigma28,oppC,+,W 
sigma28,oppD,+,W 
sigma28,oppF,+,W 
sigma28,pdeH,+,W 
sigma28,ppdA,+,W 
sigma28,ppdB,+,W 
sigma28,ppdC,+,W 
sigma28,prs,+,W 
sigma28,rdcA,+,W 
sigma28,rdcB,+,W 
sigma28,recC,+,W 
sigma28,tap,+,S 
sigma28,tar,+,S 
sigma28,tcyJ,+,S 
sigma28,trg,+,S 
sigma28,tsr,+,S 
sigma28,ves,+,S 
sigma28,yafW,+,W 
sigma28,yafX,+,W 
sigma28,ycgR,+,W 
sigma28,yecF,+,W 
sigma28,ygbK,+,W 
sigma28,ygdB,+,W 
sigma28,yhiL,+,W 
sigma28,yjcS,+,W 
sigma28,ykfB,+,W 
sigma28,ykfF,+,W 
sigma28,ykfG,+,W 
sigma28,ykfH,+,W 
sigma28,ykfI,+,W 
sigma28,ynjH,+,W 
sigma28,yqjC,+,W 
sigma28,yqjD,+,W 
sigma28,yqjE,+,W 
sigma28,yqjK,+,W 
sigma32,ackA,+,W 
sigma32,adiC,+,W 
sigma32,alaA,+,W 
sigma32,alaT,+,W 
sigma32,alaU,+,S 
sigma32,alaV,+,S 
sigma32,bidA,+,S 
sigma32,bssS,+,W 
sigma32,can,+,S 
sigma32,cas1,+,W 
sigma32,cas2,+,S 
sigma32,casD,+,W 
sigma32,casE,+,W 
sigma32,clpB,+,S 
sigma32,clpP,+,S 
sigma32,clpX,+,S 
sigma32,cnoX,+,W 
sigma32,cra,+,W 
sigma32,creA,+,S 
sigma32,creB,+,S 
sigma32,creC,+,S 
sigma32,crr,+,S 
sigma32,dnaJ,+,S 
sigma32,dnaK,+,S 
sigma32,dsbC,+,W 
sigma32,fkpB,+,S 
sigma32,ftsH,+,S 
sigma32,fxsA,+,S 
sigma32,gapA,+,S 
sigma32,glnS,+,W 
sigma32,gltT,+,S 
sigma32,gltU,+,W 
sigma32,gltV,+,W 
sigma32,gltW,+,W 
sigma32,groL,+,W 
sigma32,groS,+,W 
sigma32,grpE,+,S 
sigma32,hemW,+,S 
sigma32,hflC,+,S 
sigma32,hflK,+,S 
sigma32,hflX,+,S 
sigma32,hfq,+,S 
sigma32,holC,+,S 
sigma32,hslO,+,S 
sigma32,hslR,+,S 
sigma32,hslU,+,S 
sigma32,hslV,+,S 
sigma32,hspQ,+,W 
sigma32,htpG,+,S 
sigma32,htpX,+,S 
sigma32,ibpA,+,S 
sigma32,ibpB,+,S 
sigma32,ileS,+,S 
sigma32,ileT,+,W 
sigma32,ileU,+,S 
sigma32,ileV,+,S 
sigma32,ispH,+,S 
sigma32,lapA,+,S 
sigma32,lapB,+,S 
sigma32,ldhA,+,W 
sigma32,lipB,+,W 
sigma32,lnt,+,S 
sigma32,lon,+,W 
sigma32,lspA,+,S 
sigma32,mbiA,+,S 
sigma32,metA,+,S 
sigma32,mhpT,+,W 
sigma32,miaA,+,S 
sigma32,mlc,+,S 
sigma32,mngA,+,W 
sigma32,mngB,+,W 
sigma32,mpaA,+,W 
sigma32,mutL,+,S 
sigma32,mutM,+,S 
sigma32,nanX,+,W 
sigma32,nanY,+,W 
sigma32,narP,+,S 
sigma32,nfuA,+,S 
sigma32,nusB,+,S 
sigma32,osmF,+,W 
sigma32,pgpA,+,S 
sigma32,pgpC,+,W 
sigma32,phoP,+,S 
sigma32,phoQ,+,S 
sigma32,pncC,+,S 
sigma32,pphA,+,S 
sigma32,ppiD,+,S 
sigma32,prlC,+,W 
sigma32,ptsH,+,S 
sigma32,ptsI,+,S 
sigma32,pyrF,+,S 
sigma32,raiA,+,W 
sigma32,raiZ,+,W 
sigma32,rapA,+,S 
sigma32,rdgB,+,S 
sigma32,recJ,+,W 
sigma32,rfaD,+,S 
sigma32,ribE,+,S 
sigma32,rlmE,+,S 
sigma32,rnlA,+,W 
sigma32,rpmE,+,W 
sigma32,rpoD,+,S 
sigma32,rrfA,+,W 
sigma32,rrfB,+,S 
sigma32,rrfC,+,W 
sigma32,rrfD,+,S 
sigma32,rrfE,+,W 
sigma32,rrfF,+,S 
sigma32,rrfG,+,W 
sigma32,rrfH,+,S 
sigma32,rrlA,+,W 
sigma32,rrlB,+,S 
sigma32,rrlC,+,W 
sigma32,rrlD,+,S 
sigma32,rrlE,+,W 
sigma32,rrlG,+,W 
sigma32,rrlH,+,S 
sigma32,rrsA,+,W 
sigma32,rrsB,+,S 
sigma32,rrsC,+,W 
sigma32,rrsD,+,S 
sigma32,rrsE,+,W 
sigma32,rrsG,+,W 
sigma32,rrsH,+,S 
sigma32,rsmJ,+,W 
sigma32,sdaA,+,S 
sigma32,sdsR,+,S 
sigma32,slt,+,W 
sigma32,tadA,+,W 
sigma32,thiL,+,S 
sigma32,thrV,+,S 
sigma32,topA,+,S 
sigma32,tpke11,+,S 
sigma32,trmA,+,S 
sigma32,tyrR,+,S 
sigma32,valS,+,S 
sigma32,waaC,+,S 
sigma32,waaF,+,S 
sigma32,waaL,+,S 
sigma32,xerD,+,W 
sigma32,yafD,+,S 
sigma32,yafE,+,S 
sigma32,yafU,+,W 
sigma32,ybeD,+,W 
sigma32,ybeX,+,S 
sigma32,ybeY,+,S 
sigma32,ybeZ,+,S 
sigma32,ybfE,+,W 
sigma32,yccE,+,W 
sigma32,yceI,+,W 
sigma32,yceJ,+,W 
sigma32,yciH,+,S 
sigma32,ycjF,+,S 
sigma32,ycjX,+,S 
sigma32,ycjY,+,W 
sigma32,ydeO,+,W 
sigma32,ydhQ,+,S 
sigma32,yeaD,+,S 
sigma32,yehR,+,W 
sigma32,yehW,+,W 
sigma32,yehX,+,W 
sigma32,yehY,+,W 
sigma32,yfbR,+,W 
sigma32,yfjV,+,W 
sigma32,yhdN,+,S 
sigma32,yiaA,+,W 
sigma32,yibA,+,W 
sigma32,yjaZ,+,S 
sigma32,yjhG,+,W 
sigma32,yjhH,+,W 
sigma32,yjhI,+,W 
sigma32,yjiT,+,W 
sigma32,ymjC,+,W 
sigma32,ymjD,+,W 
sigma32,yrdA,+,W 
sigma32,yrfG,+,W 
sigma32,zntR,+,S 
sigma38,aceE,+,C 
sigma38,aceF,+,C 
sigma38,acnA,+,S 
sigma38,acs,+,S 
sigma38,actP,+,S 
sigma38,ada,+,S 
sigma38,adhE,+,S 
sigma38,aidB,+,S 
sigma38,aldB,+,S 
sigma38,alkA,+,S 
sigma38,alkB,+,S 
sigma38,ansP,+,S 
sigma38,appA,+,W 
sigma38,appB,+,W 
sigma38,appC,+,W 
sigma38,appX,+,W 
sigma38,appY,+,W 
sigma38,araF,+,S 
sigma38,araG,+,S 
sigma38,araH,+,S 
sigma38,ariR,+,S 
sigma38,arrS,+,W 
sigma38,artI,+,S 
sigma38,artM,+,S 
sigma38,artP,+,S 
sigma38,artQ,+,S 
sigma38,asr,+,S 
sigma38,astA,+,C 
sigma38,astB,+,C 
sigma38,astC,+,C 
sigma38,astD,+,C 
sigma38,astE,+,C 
sigma38,baeR,+,W 
sigma38,baeS,+,W 
sigma38,blc,+,S 
sigma38,blr,+,S 
sigma38,bolA,+,C 
sigma38,bsmA,+,W 
sigma38,btsT,+,S 
sigma38,btuF,+,S 
sigma38,cbpA,+,S 
sigma38,cbpM,+,S 
sigma38,cfa,+,S 
sigma38,cpxA,+,W 
sigma38,cpxR,+,W 
sigma38,crr,+,S 
sigma38,csgA,+,C 
sigma38,csgB,+,C 
sigma38,csgC,+,C 
sigma38,csgD,+,S 
sigma38,csgE,+,S 
sigma38,csgF,+,S 
sigma38,csgG,+,S 
sigma38,csiE,+,S 
sigma38,csrA,+,S 
sigma38,cyaR,+,C 
sigma38,ddpA,+,W 
sigma38,ddpB,+,W 
sigma38,ddpC,+,W 
sigma38,ddpD,+,W 
sigma38,ddpF,+,W 
sigma38,ddpX,+,W 
sigma38,dgcC,+,S 
sigma38,dhaK,+,W 
sigma38,dhaL,+,W 
sigma38,dhaM,+,W 
sigma38,dhaR,+,W 
sigma38,dinB,+,W 
sigma38,dkgA,+,W 
sigma38,dkgB,+,W 
sigma38,dmsD,+,S 
sigma38,dnaN,+,S 
sigma38,dps,+,S 
sigma38,ecnB,+,S 
sigma38,elaB,+,S 
sigma38,eno,+,W 
sigma38,envC,+,W 
sigma38,epd,+,C 
sigma38,evgA,+,S 
sigma38,evgL,+,S 
sigma38,evgS,+,S 
sigma38,fadL,+,S 
sigma38,fau,+,S 
sigma38,fbaA,+,C 
sigma38,fbaB,+,S 
sigma38,fic,+,C 
sigma38,folK,+,S 
sigma38,frdA,+,S 
sigma38,frdB,+,S 
sigma38,frdC,+,S 
sigma38,frdD,+,S 
sigma38,ftsA,+,S 
sigma38,ftsQ,+,S 
sigma38,ftsZ,+,S 
sigma38,fumC,+,S 
sigma38,gabD,+,S 
sigma38,gabP,+,S 
sigma38,gabT,+,S 
sigma38,gadA,+,S 
sigma38,gadB,+,S 
sigma38,gadC,+,S 
sigma38,gadE,+,S 
sigma38,gadF,+,S 
sigma38,gadW,+,S 
sigma38,gadX,+,S 
sigma38,gadY,+,S 
sigma38,galE,+,C 
sigma38,galK,+,C 
sigma38,galM,+,C 
sigma38,galT,+,C 
sigma38,gapA,+,C 
sigma38,glaH,+,S 
sigma38,glgA,+,S 
sigma38,glgC,+,S 
sigma38,glgP,+,S 
sigma38,glgS,+,S 
sigma38,glk,+,S 
sigma38,glsA,+,S 
sigma38,gltB,+,S 
sigma38,gltD,+,S 
sigma38,gltF,+,S 
sigma38,gor,+,W 
sigma38,gpmA,+,S 
sigma38,gpmM,+,W 
sigma38,gyrB,+,S 
sigma38,hchA,+,S 
sigma38,hdeA,+,S 
sigma38,hdeB,+,S 
sigma38,hdeD,+,S 
sigma38,hdfR,+,W 
sigma38,hmp,+,C 
sigma38,hofM,+,W 
sigma38,hofN,+,W 
sigma38,hofO,+,W 
sigma38,hofP,+,W 
sigma38,htrE,+,S 
sigma38,hyaA,+,S 
sigma38,hyaB,+,S 
sigma38,hyaC,+,S 
sigma38,hyaD,+,S 
sigma38,hyaE,+,S 
sigma38,hyaF,+,S 
sigma38,ihfA,+,S 
sigma38,ihfB,+,S 
sigma38,ilvY,+,S 
sigma38,insC5,+,W 
sigma38,insCD5,+,W 
sigma38,insD5,+,W 
sigma38,insI1,+,W 
sigma38,insN,+,W 
sigma38,katE,+,S 
sigma38,kbp,+,W 
sigma38,ldcC,+,W 
sigma38,lhgD,+,S 
sigma38,lpd,+,C 
sigma38,lsrA,+,W 
sigma38,lsrB,+,W 
sigma38,lsrC,+,W 
sigma38,lsrD,+,W 
sigma38,lsrF,+,W 
sigma38,lsrG,+,W 
sigma38,luxS,+,S 
sigma38,mdtA,+,W 
sigma38,mdtB,+,W 
sigma38,mdtC,+,W 
sigma38,mdtD,+,W 
sigma38,mdtE,+,S 
sigma38,mdtF,+,S 
sigma38,metK,+,S 
sigma38,mglA,+,W 
sigma38,mglB,+,W 
sigma38,mglC,+,W 
sigma38,micF,+,S 
sigma38,mlrA,+,S 
sigma38,mnmG,+,S 
sigma38,mpl,+,W 
sigma38,msyB,+,S 
sigma38,mtn,+,S 
sigma38,murP,+,S 
sigma38,murQ,+,S 
sigma38,murR,+,S 
sigma38,mutS,+,S 
sigma38,narU,+,W 
sigma38,nhaA,+,S 
sigma38,nhaR,+,S 
sigma38,ompF,+,S 
sigma38,ompN,+,W 
sigma38,osmB,+,S 
sigma38,osmC,+,S 
sigma38,osmE,+,S 
sigma38,osmF,+,S 
sigma38,osmY,+,S 
sigma38,otsA,+,S 
sigma38,otsB,+,S 
sigma38,oxyR,+,S 
sigma38,pabA,+,C 
sigma38,patA,+,S 
sigma38,patD,+,W 
sigma38,pcnB,+,S 
sigma38,pdeC,+,W 
sigma38,pdeR,+,S 
sigma38,pdhR,+,C 
sigma38,pfkA,+,S 
sigma38,pfkB,+,S 
sigma38,pgi,+,C 
sigma38,pgk,+,C 
sigma38,phoU,+,S 
sigma38,phr,+,S 
sigma38,poxB,+,C 
sigma38,pphA,+,S 
sigma38,ppk,+,W 
sigma38,ppx,+,W 
sigma38,pqiA,+,S 
sigma38,pqiB,+,S 
sigma38,pqiC,+,S 
sigma38,proP,+,S 
sigma38,proV,+,S 
sigma38,proW,+,S 
sigma38,proX,+,S 
sigma38,pstA,+,S 
sigma38,pstB,+,S 
sigma38,pstC,+,S 
sigma38,pstS,+,S 
sigma38,puuA,+,S 
sigma38,puuB,+,W 
sigma38,puuC,+,W 
sigma38,puuD,+,S 
sigma38,puuE,+,W 
sigma38,puuP,+,S 
sigma38,puuR,+,S 
sigma38,pykA,+,W 
sigma38,pykF,+,W 
sigma38,ravA,+,W 
sigma38,recF,+,S 
sigma38,rhaR,+,S 
sigma38,rhaS,+,S 
sigma38,rpoE,+,S 
sigma38,rpoH,+,S 
sigma38,rraA,+,C 
sigma38,rsd,+,S 
sigma38,rseA,+,S 
sigma38,rseB,+,S 
sigma38,rseC,+,S 
sigma38,rseD,+,S 
sigma38,rsmG,+,S 
sigma38,rssA,+,S 
sigma38,rssB,+,S 
sigma38,ryjA,+,S 
sigma38,sdhX,+,S 
sigma38,sdsN,+,S 
sigma38,sdsR,+,S 
sigma38,setA,+,S 
sigma38,sgrS,+,S 
sigma38,sgrT,+,S 
sigma38,sodC,+,C 
sigma38,sohB,+,W 
sigma38,speB,+,S 
sigma38,speC,+,W 
sigma38,speG,+,W 
sigma38,sra,+,S 
sigma38,ssrS,+,S 
sigma38,sucA,+,S 
sigma38,sucB,+,S 
sigma38,sucC,+,S 
sigma38,sucD,+,S 
sigma38,talA,+,S 
sigma38,tam,+,W 
sigma38,tktB,+,S 
sigma38,tolC,+,S 
sigma38,topA,+,S 
sigma38,tpiA,+,W 
sigma38,treA,+,S 
sigma38,treF,+,W 
sigma38,uspB,+,S 
sigma38,viaA,+,W 
sigma38,wrbA,+,W 
sigma38,xapA,+,S 
sigma38,xapB,+,S 
sigma38,xthA,+,S 
sigma38,yabI,+,S 
sigma38,yadS,+,S 
sigma38,yadV,+,S 
sigma38,yafN,+,W 
sigma38,yafO,+,W 
sigma38,yafP,+,W 
sigma38,ybaT,+,S 
sigma38,ybgA,+,S 
sigma38,ybiI,+,W 
sigma38,ybjP,+,S 
sigma38,yccJ,+,W 
sigma38,ycgZ,+,S 
sigma38,yciE,+,W 
sigma38,yciF,+,W 
sigma38,yciG,+,W 
sigma38,yciT,+,S 
sigma38,yciZ,+,S 
sigma38,ydbD,+,W 
sigma38,ydbK,+,W 
sigma38,ydcS,+,W 
sigma38,ydcT,+,W 
sigma38,ydcU,+,W 
sigma38,ydcV,+,W 
sigma38,yddG,+,S 
sigma38,ydhT,+,S 
sigma38,ydhU,+,S 
sigma38,ydhV,+,S 
sigma38,ydhW,+,S 
sigma38,ydhX,+,S 
sigma38,ydhY,+,S 
sigma38,yehW,+,S 
sigma38,yehX,+,S 
sigma38,yehY,+,S 
sigma38,yeiL,+,S 
sigma38,yffO,+,W 
sigma38,yffP,+,W 
sigma38,yggE,+,S 
sigma38,ygiB,+,S 
sigma38,ygiC,+,S 
sigma38,yhfG,+,C 
sigma38,yhiD,+,S 
sigma38,yhiM,+,W 
sigma38,yhjG,+,W 
sigma38,yiaG,+,S 
sigma38,yibQ,+,W 
sigma38,yihG,+,S 
sigma38,yjcH,+,S 
sigma38,ymgA,+,S 
sigma38,ymgC,+,S 
sigma38,ymiC,+,S 
sigma38,ymjE,+,S 
sigma38,ynfB,+,W 
sigma38,ynfE,+,S 
sigma38,ynfF,+,S 
sigma38,ynfG,+,S 
sigma38,ynfH,+,S 
sigma38,yqiG,+,W 
sigma38,yqiH,+,W 
sigma38,yqiI,+,W 
sigma38,ytfK,+,S 
sigma38,znuA,+,W 
sigma54,acrD,+,W 
sigma54,actP,+,W 
sigma54,amtB,+,W 
sigma54,argT,+,W 
sigma54,aslB,+,W 
sigma54,astA,+,C 
sigma54,astB,+,C 
sigma54,astC,+,C 
sigma54,astD,+,C 
sigma54,astE,+,C 
sigma54,atoA,+,W 
sigma54,atoB,+,W 
sigma54,atoD,+,W 
sigma54,atoE,+,W 
sigma54,chaC,+,W 
sigma54,dcuD,+,W 
sigma54,ddpA,+,W 
sigma54,ddpB,+,W 
sigma54,ddpC,+,W 
sigma54,ddpD,+,W 
sigma54,ddpF,+,W 
sigma54,ddpX,+,W 
sigma54,emrD,+,W 
sigma54,fdhF,+,S 
sigma54,fhlA,+,S 
sigma54,flhC,+,W 
sigma54,flhD,+,W 
sigma54,focB,+,S 
sigma54,glmY,+,S 
sigma54,glnA,+,S 
sigma54,glnG,+,S 
sigma54,glnH,+,S 
sigma54,glnK,+,W 
sigma54,glnL,+,S 
sigma54,glnP,+,S 
sigma54,glnQ,+,S 
sigma54,glnZ,+,S 
sigma54,glpQ,+,S 
sigma54,gltI,+,W 
sigma54,gltJ,+,W 
sigma54,gltK,+,W 
sigma54,gltL,+,W 
sigma54,gnsA,+,S 
sigma54,hisJ,+,W 
sigma54,hisM,+,W 
sigma54,hisP,+,W 
sigma54,hisQ,+,W 
sigma54,htpG,+,W 
sigma54,hycA,+,S 
sigma54,hycB,+,S 
sigma54,hycC,+,S 
sigma54,hycD,+,S 
sigma54,hycE,+,S 
sigma54,hycF,+,S 
sigma54,hycG,+,S 
sigma54,hycH,+,S 
sigma54,hycI,+,S 
sigma54,hydN,+,S 
sigma54,hyfA,+,S 
sigma54,hyfB,+,S 
sigma54,hyfC,+,S 
sigma54,hyfD,+,S 
sigma54,hyfE,+,S 
sigma54,hyfF,+,S 
sigma54,hyfG,+,S 
sigma54,hyfH,+,S 
sigma54,hyfI,+,S 
sigma54,hyfJ,+,S 
sigma54,hyfR,+,S 
sigma54,hypA,+,S 
sigma54,hypB,+,S 
sigma54,hypC,+,S 
sigma54,hypD,+,S 
sigma54,hypE,+,S 
sigma54,hypF,+,S 
sigma54,ibpB,+,S 
sigma54,nac,+,S 
sigma54,nikA,+,W 
sigma54,nikB,+,W 
sigma54,nikC,+,W 
sigma54,nikD,+,W 
sigma54,nikE,+,W 
sigma54,nikR,+,W 
sigma54,norV,+,S 
sigma54,norW,+,S 
sigma54,patA,+,S 
sigma54,potF,+,W 
sigma54,potG,+,W 
sigma54,potH,+,W 
sigma54,potI,+,W 
sigma54,prpB,+,W 
sigma54,prpC,+,W 
sigma54,prpD,+,W 
sigma54,prpE,+,W 
sigma54,pspA,+,S 
sigma54,pspB,+,S 
sigma54,pspC,+,S 
sigma54,pspD,+,S 
sigma54,pspE,+,S 
sigma54,pspG,+,S 
sigma54,pspH,+,S 
sigma54,puuP,+,W 
sigma54,radD,+,W 
sigma54,rcdB,+,W 
sigma54,relA,+,S 
sigma54,rhaD,+,W 
sigma54,rpoE,+,S 
sigma54,rpoH,+,C 
sigma54,rseA,+,S 
sigma54,rseB,+,S 
sigma54,rseC,+,S 
sigma54,rseD,+,S 
sigma54,rtcA,+,S 
sigma54,rtcB,+,S 
sigma54,rtcR,+,W 
sigma54,rutA,+,W 
sigma54,rutB,+,W 
sigma54,rutC,+,W 
sigma54,rutD,+,W 
sigma54,rutE,+,W 
sigma54,rutF,+,W 
sigma54,rutG,+,W 
sigma54,sroC,+,W 
sigma54,ssnA,+,W 
sigma54,xapB,+,S 
sigma54,xdhA,+,S 
sigma54,xdhB,+,S 
sigma54,xdhC,+,S 
sigma54,yaaU,+,W 
sigma54,yahE,+,W 
sigma54,yeaG,+,W 
sigma54,yeaH,+,W 
sigma54,ygfK,+,W 
sigma54,yhdW,+,W 
sigma54,yhdX,+,W 
sigma54,yhdY,+,W 
sigma54,yhdZ,+,W 
sigma54,ymjE,+,W 
sigma54,zraP,+,W 
sigma54,zraR,+,W 
sigma54,zraS,+,W 
sigma70,3'ETS-<i>leuZ</i>,+,W 
sigma70,accA,+,S 
sigma70,accB,+,S 
sigma70,accC,+,S 
sigma70,accD,+,S 
sigma70,aceA,+,S 
sigma70,aceB,+,S 
sigma70,aceE,+,C 
sigma70,aceF,+,C 
sigma70,aceK,+,S 
sigma70,acnA,+,S 
sigma70,acnB,+,S 
sigma70,acpP,+,S 
sigma70,acpS,+,S 
sigma70,acrA,+,S 
sigma70,acrB,+,S 
sigma70,acrD,+,W 
sigma70,acrE,+,W 
sigma70,acrF,+,W 
sigma70,acrR,+,W 
sigma70,acrZ,+,S 
sigma70,acs,+,W 
sigma70,actP,+,W 
sigma70,ada,+,S 
sigma70,add,+,W 
sigma70,adeD,+,S 
sigma70,adhE,+,S 
sigma70,adiA,+,S 
sigma70,agaA,+,S 
sigma70,agaB,+,S 
sigma70,agaC,+,S 
sigma70,agaD,+,S 
sigma70,agaI,+,S 
sigma70,agaR,+,S 
sigma70,agaS,+,S 
sigma70,agaV,+,S 
sigma70,agaW,+,S 
sigma70,ahpC,+,S 
sigma70,ahpF,+,S 
sigma70,aidB,+,S 
sigma70,alaC,+,W 
sigma70,alaE,+,S 
sigma70,alaT,+,W 
sigma70,alaU,+,S 
sigma70,alaV,+,S 
sigma70,alaW,+,W 
sigma70,alaX,+,W 
sigma70,aldA,+,S 
sigma70,alkA,+,S 
sigma70,alkB,+,W 
sigma70,allB,+,W 
sigma70,allC,+,W 
sigma70,allD,+,W 
sigma70,allE,+,W 
sigma70,allW,+,W 
sigma70,alsA,+,S 
sigma70,alsB,+,S 
sigma70,alsC,+,S 
sigma70,alsE,+,S 
sigma70,alsR,+,S 
sigma70,amiA,+,S 
sigma70,amiB,+,C 
sigma70,ampC,+,W 
sigma70,ampG,+,S 
sigma70,amyA,+,W 
sigma70,ansB,+,S 
sigma70,appA,+,W 
sigma70,appB,+,W 
sigma70,appC,+,W 
sigma70,appX,+,W 
sigma70,appY,+,W 
sigma70,apt,+,S 
sigma70,araA,+,S 
sigma70,araB,+,S 
sigma70,araC,+,S 
sigma70,araD,+,S 
sigma70,araE,+,S 
sigma70,araF,+,S 
sigma70,araG,+,S 
sigma70,araH,+,S 
sigma70,araJ,+,S 
sigma70,arcA,+,S 
sigma70,arfA,+,S 
sigma70,argA,+,W 
sigma70,argB,+,S 
sigma70,argC,+,S 
sigma70,argD,+,W 
sigma70,argE,+,S 
sigma70,argF,+,C 
sigma70,argG,+,W 
sigma70,argH,+,S 
sigma70,argI,+,S 
sigma70,argO,+,C 
sigma70,argQ,+,W 
sigma70,argR,+,S 
sigma70,argS,+,S 
sigma70,argU,+,W 
sigma70,argV,+,W 
sigma70,argW,+,W 
sigma70,argX,+,C 
sigma70,argY,+,W 
sigma70,argZ,+,W 
sigma70,ariR,+,S 
sigma70,aroA,+,S 
sigma70,aroB,+,S 
sigma70,aroD,+,S 
sigma70,aroF,+,S 
sigma70,aroG,+,C 
sigma70,aroH,+,S 
sigma70,aroK,+,S 
sigma70,aroL,+,S 
sigma70,aroM,+,S 
sigma70,aroP,+,S 
sigma70,arrS,+,W 
sigma70,arsB,+,S 
sigma70,arsC,+,S 
sigma70,arsR,+,S 
sigma70,artI,+,S 
sigma70,artJ,+,C 
sigma70,artM,+,S 
sigma70,artP,+,S 
sigma70,artQ,+,S 
sigma70,ascB,+,S 
sigma70,ascF,+,S 
sigma70,asnA,+,S 
sigma70,asnC,+,S 
sigma70,asnT,+,W 
sigma70,asnU,+,W 
sigma70,asnV,+,W 
sigma70,aspA,+,S 
sigma70,aspV,+,W 
sigma70,asr,+,S 
sigma70,astA,+,W 
sigma70,astB,+,W 
sigma70,astC,+,W 
sigma70,astD,+,W 
sigma70,astE,+,W 
sigma70,atpA,+,S 
sigma70,atpB,+,S 
sigma70,atpC,+,S 
sigma70,atpD,+,S 
sigma70,atpE,+,S 
sigma70,atpF,+,S 
sigma70,atpG,+,S 
sigma70,atpH,+,S 
sigma70,atpI,+,S 
sigma70,azoR,+,S 
sigma70,azuC,+,S 
sigma70,azuR,+,S 
sigma70,bamC,+,S 
sigma70,bcp,+,S 
sigma70,bcsB,+,W 
sigma70,bcsE,+,S 
sigma70,bcsF,+,S 
sigma70,bcsG,+,S 
sigma70,bcsZ,+,W 
sigma70,bdcA,+,W 
sigma70,betA,+,S 
sigma70,betB,+,S 
sigma70,betI,+,S 
sigma70,betT,+,S 
sigma70,bglJ,+,S 
sigma70,bglX,+,W 
sigma70,bhsA,+,S 
sigma70,bidA,+,S 
sigma70,bioA,+,W 
sigma70,bioB,+,W 
sigma70,bioC,+,W 
sigma70,bioD,+,W 
sigma70,bioF,+,W 
sigma70,bluF,+,S 
sigma70,bluR,+,S 
sigma70,bolA,+,S 
sigma70,bssS,+,W 
sigma70,btuB,+,S 
sigma70,btuD,+,S 
sigma70,btuE,+,S 
sigma70,btuF,+,S 
sigma70,cadA,+,S 
sigma70,cadB,+,S 
sigma70,cadC,+,S 
sigma70,caiA,+,S 
sigma70,caiB,+,S 
sigma70,caiC,+,S 
sigma70,caiD,+,S 
sigma70,caiE,+,S 
sigma70,caiF,+,S 
sigma70,caiT,+,S 
sigma70,can,+,S 
sigma70,carA,+,S 
sigma70,carB,+,S 
sigma70,cas1,+,S 
sigma70,cas2,+,S 
sigma70,cas3,+,W 
sigma70,casA,+,S 
sigma70,casB,+,S 
sigma70,casC,+,S 
sigma70,casD,+,S 
sigma70,casE,+,S 
sigma70,cbl,+,S 
sigma70,cbpA,+,S 
sigma70,cbpM,+,S 
sigma70,ccmA,+,S 
sigma70,ccmB,+,S 
sigma70,ccmC,+,S 
sigma70,ccmD,+,S 
sigma70,ccmE,+,S 
sigma70,ccmF,+,S 
sigma70,ccmG,+,S 
sigma70,ccmH,+,S 
sigma70,ccp,+,S 
sigma70,cdd,+,S 
sigma70,cecR,+,W 
sigma70,cedA,+,W 
sigma70,cfa,+,S 
sigma70,chiA,+,S 
sigma70,chiX,+,S 
sigma70,cho,+,W 
sigma70,chpB,+,S 
sigma70,chpS,+,S 
sigma70,cirA,+,S 
sigma70,clpA,+,S 
sigma70,clpB,+,S 
sigma70,clpP,+,S 
sigma70,clpX,+,S 
sigma70,cmk,+,S 
sigma70,cmoM,+,W 
sigma70,coaD,+,S 
sigma70,cobS,+,S 
sigma70,cobT,+,S 
sigma70,cobU,+,S 
sigma70,codA,+,S 
sigma70,codB,+,S 
sigma70,copA,+,S 
sigma70,corA,+,W 
sigma70,cpdB,+,S 
sigma70,cpxA,+,W 
sigma70,cpxP,+,C 
sigma70,cpxQ,+,C 
sigma70,cpxR,+,W 
sigma70,creA,+,W 
sigma70,creB,+,W 
sigma70,creC,+,W 
sigma70,creD,+,W 
sigma70,crp,+,S 
sigma70,crr,+,S 
sigma70,csgA,+,C 
sigma70,csgB,+,C 
sigma70,csgC,+,C 
sigma70,csgD,+,S 
sigma70,csgE,+,S 
sigma70,csgF,+,S 
sigma70,csgG,+,S 
sigma70,csiE,+,S 
sigma70,cspA,+,S 
sigma70,cspB,+,S 
sigma70,cspC,+,S 
sigma70,cspD,+,S 
sigma70,cspE,+,W 
sigma70,csqR,+,S 
sigma70,csrA,+,S 
sigma70,csrB,+,C 
sigma70,cstA,+,S 
sigma70,cusA,+,S 
sigma70,cusB,+,S 
sigma70,cusC,+,S 
sigma70,cusF,+,S 
sigma70,cusR,+,S 
sigma70,cusS,+,S 
sigma70,cutA,+,S 
sigma70,cvpA,+,C 
sigma70,cyaA,+,S 
sigma70,cyaR,+,C 
sigma70,cydA,+,S 
sigma70,cydB,+,S 
sigma70,cydC,+,S 
sigma70,cydD,+,S 
sigma70,cynR,+,S 
sigma70,cynS,+,S 
sigma70,cynT,+,S 
sigma70,cynX,+,S 
sigma70,cyoA,+,S 
sigma70,cyoB,+,S 
sigma70,cyoC,+,S 
sigma70,cyoD,+,S 
sigma70,cyoE,+,S 
sigma70,cysA,+,S 
sigma70,cysB,+,W 
sigma70,cysC,+,S 
sigma70,cysD,+,S 
sigma70,cysG,+,C 
sigma70,cysH,+,S 
sigma70,cysI,+,S 
sigma70,cysJ,+,S 
sigma70,cysK,+,S 
sigma70,cysM,+,S 
sigma70,cysN,+,S 
sigma70,cysP,+,S 
sigma70,cysT,+,W 
sigma70,cysU,+,S 
sigma70,cysW,+,S 
sigma70,cytR,+,S 
sigma70,dacC,+,W 
sigma70,dadA,+,S 
sigma70,dadX,+,S 
sigma70,dam,+,S 
sigma70,damX,+,S 
sigma70,dapA,+,S 
sigma70,dapB,+,S 
sigma70,dapD,+,S 
sigma70,dapE,+,W 
sigma70,dapF,+,S 
sigma70,dctA,+,S 
sigma70,dctR,+,S 
sigma70,dcuA,+,S 
sigma70,dcuB,+,S 
sigma70,dcuD,+,W 
sigma70,dcuR,+,S 
sigma70,dcuS,+,S 
sigma70,ddlB,+,S 
sigma70,deaD,+,S 
sigma70,decR,+,W 
sigma70,def,+,S 
sigma70,degQ,+,S 
sigma70,degS,+,S 
sigma70,deoA,+,S 
sigma70,deoB,+,S 
sigma70,deoC,+,S 
sigma70,deoD,+,S 
sigma70,dgcN,+,S 
sigma70,dgcT,+,S 
sigma70,dgcZ,+,C 
sigma70,dgoA,+,W 
sigma70,dgoD,+,W 
sigma70,dgoK,+,W 
sigma70,dgoR,+,W 
sigma70,dgoT,+,W 
sigma70,dicB,+,W 
sigma70,dicC,+,S 
sigma70,dinB,+,W 
sigma70,dinF,+,S 
sigma70,dinG,+,W 
sigma70,dinI,+,S 
sigma70,dinJ,+,W 
sigma70,dinQ,+,S 
sigma70,dkgA,+,S 
sigma70,dksA,+,W 
sigma70,dmsA,+,S 
sigma70,dmsB,+,S 
sigma70,dmsC,+,S 
sigma70,dmsD,+,S 
sigma70,dnaA,+,S 
sigma70,dnaG,+,C 
sigma70,dnaN,+,S 
sigma70,dppA,+,C 
sigma70,dppB,+,C 
sigma70,dppC,+,C 
sigma70,dppD,+,C 
sigma70,dppF,+,C 
sigma70,dps,+,S 
sigma70,dsbA,+,S 
sigma70,dsbC,+,W 
sigma70,dsdA,+,S 
sigma70,dsdC,+,W 
sigma70,dsdX,+,S 
sigma70,dsrA,+,S 
sigma70,dtpA,+,S 
sigma70,dusB,+,C 
sigma70,dut,+,W 
sigma70,dxs,+,W 
sigma70,ebgA,+,W 
sigma70,ebgC,+,W 
sigma70,ecpA,+,W 
sigma70,eda,+,S 
sigma70,edd,+,S 
sigma70,efeU,+,S 
sigma70,efp,+,W 
sigma70,emrA,+,S 
sigma70,emrB,+,S 
sigma70,eno,+,W 
sigma70,entA,+,S 
sigma70,entB,+,S 
sigma70,entC,+,S 
sigma70,entD,+,S 
sigma70,entE,+,S 
sigma70,entF,+,S 
sigma70,entH,+,S 
sigma70,entS,+,S 
sigma70,envZ,+,S 
sigma70,epd,+,C 
sigma70,eptB,+,S 
sigma70,era,+,S 
sigma70,esrE,+,S 
sigma70,evgA,+,S 
sigma70,evgL,+,S 
sigma70,evgS,+,S 
sigma70,exbB,+,W 
sigma70,exbD,+,W 
sigma70,exuR,+,S 
sigma70,fabA,+,W 
sigma70,fabB,+,S 
sigma70,fabD,+,S 
sigma70,fabF,+,S 
sigma70,fabG,+,S 
sigma70,fabH,+,S 
sigma70,fadA,+,S 
sigma70,fadB,+,S 
sigma70,fadD,+,S 
sigma70,fadI,+,W 
sigma70,fadJ,+,W 
sigma70,fadR,+,S 
sigma70,fau,+,S 
sigma70,fbaA,+,S 
sigma70,fdnG,+,S 
sigma70,fdnH,+,S 
sigma70,fdnI,+,S 
sigma70,fdx,+,S 
sigma70,feaB,+,S 
sigma70,feaR,+,S 
sigma70,fecI,+,C 
sigma70,fecR,+,C 
sigma70,feoA,+,W 
sigma70,feoB,+,W 
sigma70,feoC,+,W 
sigma70,fepA,+,S 
sigma70,fepB,+,S 
sigma70,fepC,+,S 
sigma70,fepD,+,S 
sigma70,fepE,+,S 
sigma70,fepG,+,S 
sigma70,fes,+,S 
sigma70,fhuA,+,W 
sigma70,fhuB,+,W 
sigma70,fhuC,+,W 
sigma70,fhuD,+,W 
sigma70,fhuF,+,W 
sigma70,fimA,+,S 
sigma70,fimB,+,S 
sigma70,fimC,+,S 
sigma70,fimD,+,S 
sigma70,fimE,+,S 
sigma70,fimF,+,S 
sigma70,fimG,+,S 
sigma70,fimH,+,S 
sigma70,fimI,+,S 
sigma70,fimR2,+,S 
sigma70,fis,+,C 
sigma70,fiu,+,W 
sigma70,fixA,+,S 
sigma70,fixB,+,S 
sigma70,fixC,+,S 
sigma70,fixX,+,S 
sigma70,fkpB,+,S 
sigma70,fldB,+,S 
sigma70,flgA,+,W 
sigma70,flgB,+,W 
sigma70,flgC,+,W 
sigma70,flgD,+,W 
sigma70,flgE,+,W 
sigma70,flgF,+,W 
sigma70,flgG,+,W 
sigma70,flgH,+,W 
sigma70,flgI,+,W 
sigma70,flgJ,+,W 
sigma70,flgM,+,W 
sigma70,flgN,+,W 
sigma70,flhA,+,W 
sigma70,flhB,+,W 
sigma70,flhC,+,S 
sigma70,flhD,+,S 
sigma70,flhE,+,W 
sigma70,fliA,+,S 
sigma70,fliD,+,W 
sigma70,fliE,+,W 
sigma70,fliF,+,W 
sigma70,fliG,+,W 
sigma70,fliH,+,W 
sigma70,fliI,+,W 
sigma70,fliJ,+,W 
sigma70,fliK,+,W 
sigma70,fliL,+,S 
sigma70,fliM,+,S 
sigma70,fliN,+,S 
sigma70,fliO,+,S 
sigma70,fliP,+,S 
sigma70,fliQ,+,S 
sigma70,fliR,+,S 
sigma70,fliS,+,W 
sigma70,fliT,+,W 
sigma70,fliZ,+,S 
sigma70,flu,+,S 
sigma70,fmt,+,S 
sigma70,fnr,+,W 
sigma70,fnrS,+,S 
sigma70,focA,+,S 
sigma70,folA,+,W 
sigma70,folE,+,W 
sigma70,folK,+,S 
sigma70,fpr,+,W 
sigma70,frc,+,S 
sigma70,frdA,+,S 
sigma70,frdB,+,S 
sigma70,frdC,+,S 
sigma70,frdD,+,S 
sigma70,frlA,+,W 
sigma70,frlB,+,W 
sigma70,frlC,+,W 
sigma70,frlD,+,W 
sigma70,frlR,+,S 
sigma70,frr,+,S 
sigma70,frsA,+,W 
sigma70,fruA,+,W 
sigma70,fruB,+,W 
sigma70,fruK,+,W 
sigma70,ftnA,+,W 
sigma70,ftnB,+,S 
sigma70,ftsA,+,S 
sigma70,ftsH,+,S 
sigma70,ftsI,+,S 
sigma70,ftsK,+,S 
sigma70,ftsL,+,S 
sigma70,ftsO,+,S 
sigma70,ftsQ,+,S 
sigma70,ftsW,+,S 
sigma70,ftsZ,+,S 
sigma70,fucA,+,W 
sigma70,fucI,+,W 
sigma70,fucK,+,W 
sigma70,fucO,+,W 
sigma70,fucP,+,W 
sigma70,fucR,+,W 
sigma70,fucU,+,W 
sigma70,fumA,+,S 
sigma70,fumB,+,W 
sigma70,fumC,+,W 
sigma70,fur,+,S 
sigma70,gabD,+,S 
sigma70,gabP,+,S 
sigma70,gabT,+,S 
sigma70,gadA,+,S 
sigma70,gadB,+,S 
sigma70,gadC,+,S 
sigma70,gadE,+,S 
sigma70,gadF,+,S 
sigma70,gadX,+,S 
sigma70,galE,+,C 
sigma70,galK,+,C 
sigma70,galM,+,C 
sigma70,galP,+,S 
sigma70,galR,+,S 
sigma70,galS,+,S 
sigma70,galT,+,C 
sigma70,gapA,+,S 
sigma70,garK,+,W 
sigma70,garL,+,W 
sigma70,garP,+,W 
sigma70,garR,+,W 
sigma70,gatA,+,S 
sigma70,gatB,+,S 
sigma70,gatC,+,S 
sigma70,gatD,+,S 
sigma70,gatY,+,S 
sigma70,gatZ,+,S 
sigma70,gcd,+,S 
sigma70,gcl,+,W 
sigma70,gcvA,+,S 
sigma70,gcvB,+,S 
sigma70,gcvH,+,S 
sigma70,gcvP,+,S 
sigma70,gcvR,+,S 
sigma70,gcvT,+,S 
sigma70,gdhA,+,C 
sigma70,gfcA,+,S 
sigma70,glcA,+,S 
sigma70,glcB,+,S 
sigma70,glcC,+,S 
sigma70,glcD,+,S 
sigma70,glcE,+,S 
sigma70,glcF,+,S 
sigma70,glcG,+,S 
sigma70,glgA,+,S 
sigma70,glgB,+,S 
sigma70,glgC,+,S 
sigma70,glgP,+,S 
sigma70,glgX,+,S 
sigma70,glk,+,S 
sigma70,glmS,+,S 
sigma70,glmU,+,S 
sigma70,glmY,+,S 
sigma70,glmZ,+,S 
sigma70,glnA,+,S 
sigma70,glnB,+,S 
sigma70,glnG,+,S 
sigma70,glnL,+,S 
sigma70,glnQ,+,W 
sigma70,glnS,+,W 
sigma70,glnU,+,W 
sigma70,glnV,+,W 
sigma70,glnW,+,W 
sigma70,glnX,+,W 
sigma70,glnZ,+,S 
sigma70,gloA,+,W 
sigma70,glpA,+,W 
sigma70,glpB,+,W 
sigma70,glpC,+,W 
sigma70,glpD,+,S 
sigma70,glpF,+,S 
sigma70,glpK,+,S 
sigma70,glpQ,+,W 
sigma70,glpT,+,W 
sigma70,glpX,+,S 
sigma70,glrK,+,S 
sigma70,gltA,+,S 
sigma70,gltB,+,S 
sigma70,gltD,+,S 
sigma70,gltF,+,S 
sigma70,gltI,+,W 
sigma70,gltJ,+,W 
sigma70,gltK,+,W 
sigma70,gltL,+,W 
sigma70,gltT,+,S 
sigma70,gltU,+,W 
sigma70,gltV,+,W 
sigma70,gltW,+,W 
sigma70,gltX,+,S 
sigma70,gluQ,+,S 
sigma70,glxK,+,W 
sigma70,glxR,+,W 
sigma70,glyA,+,C 
sigma70,glyQ,+,W 
sigma70,glyS,+,W 
sigma70,glyT,+,W 
sigma70,glyU,+,W 
sigma70,glyV,+,W 
sigma70,glyW,+,W 
sigma70,glyX,+,W 
sigma70,glyY,+,W 
sigma70,gmk,+,W 
sigma70,gnd,+,S 
sigma70,gndA,+,S 
sigma70,gnsA,+,S 
sigma70,gntK,+,S 
sigma70,gntP,+,S 
sigma70,gntR,+,S 
sigma70,gntT,+,S 
sigma70,gntU,+,S 
sigma70,gor,+,W 
sigma70,gph,+,S 
sigma70,gpmA,+,S 
sigma70,gpsA,+,S 
sigma70,gpt,+,W 
sigma70,grcA,+,C 
sigma70,greA,+,S 
sigma70,groL,+,W 
sigma70,groS,+,W 
sigma70,grxB,+,W 
sigma70,grxC,+,S 
sigma70,grxD,+,W 
sigma70,gsk,+,S 
sigma70,gspA,+,S 
sigma70,gspB,+,S 
sigma70,gspC,+,S 
sigma70,gspD,+,S 
sigma70,gspE,+,S 
sigma70,gspF,+,S 
sigma70,gspG,+,S 
sigma70,gspH,+,S 
sigma70,gspI,+,S 
sigma70,gspJ,+,S 
sigma70,gspK,+,S 
sigma70,gspL,+,S 
sigma70,gspM,+,S 
sigma70,gspO,+,S 
sigma70,guaA,+,S 
sigma70,guaB,+,S 
sigma70,gutM,+,S 
sigma70,gutQ,+,S 
sigma70,gyrA,+,S 
sigma70,gyrB,+,S 
sigma70,hchA,+,S 
sigma70,hdeA,+,S 
sigma70,hdeB,+,S 
sigma70,hdeD,+,S 
sigma70,hemA,+,S 
sigma70,hemB,+,S 
sigma70,hemF,+,S 
sigma70,hemH,+,S 
sigma70,hemN,+,S 
sigma70,hflC,+,S 
sigma70,hflD,+,S 
sigma70,hflK,+,S 
sigma70,hflX,+,S 
sigma70,hfq,+,S 
sigma70,hha,+,S 
sigma70,hicA,+,S 
sigma70,hicB,+,S 
sigma70,higA,+,S 
sigma70,higB,+,S 
sigma70,hipA,+,S 
sigma70,hipB,+,S 
sigma70,hisA,+,S 
sigma70,hisB,+,S 
sigma70,hisF,+,S 
sigma70,hisH,+,S 
sigma70,hisI,+,S 
sigma70,hisJ,+,S 
sigma70,hisM,+,S 
sigma70,hisP,+,S 
sigma70,hisQ,+,S 
sigma70,hisR,+,C 
sigma70,hisS,+,S 
sigma70,hiuH,+,W 
sigma70,hns,+,C 
sigma70,hofB,+,W 
sigma70,hofC,+,W 
sigma70,hokD,+,S 
sigma70,hpf,+,W 
sigma70,hpt,+,S 
sigma70,hscA,+,S 
sigma70,hscB,+,S 
sigma70,hslJ,+,S 
sigma70,htrE,+,S 
sigma70,hupB,+,S 
sigma70,hyaA,+,S 
sigma70,hyaB,+,S 
sigma70,hyaC,+,S 
sigma70,hyaD,+,S 
sigma70,hyaE,+,S 
sigma70,hyaF,+,S 
sigma70,hybA,+,C 
sigma70,hybB,+,C 
sigma70,hybC,+,C 
sigma70,hybD,+,C 
sigma70,hybE,+,C 
sigma70,hybF,+,C 
sigma70,hybG,+,C 
sigma70,hybO,+,C 
sigma70,hyi,+,W 
sigma70,hypF,+,W 
sigma70,ibsC,+,S 
sigma70,ibsD,+,S 
sigma70,icd,+,S 
sigma70,idlP,+,S 
sigma70,idnK,+,S 
sigma70,idnR,+,W 
sigma70,ihfB,+,S 
sigma70,ileS,+,S 
sigma70,ileT,+,W 
sigma70,ileU,+,S 
sigma70,ileV,+,S 
sigma70,ileX,+,W 
sigma70,ilvA,+,S 
sigma70,ilvB,+,S 
sigma70,ilvC,+,S 
sigma70,ilvD,+,S 
sigma70,ilvE,+,S 
sigma70,ilvG,+,S 
sigma70,ilvH,+,S 
sigma70,ilvI,+,S 
sigma70,ilvL,+,S 
sigma70,ilvM,+,S 
sigma70,ilvN,+,S 
sigma70,ilvX,+,S 
sigma70,ilvY,+,S 
sigma70,inaA,+,W 
sigma70,infA,+,S 
sigma70,infB,+,S 
sigma70,infC,+,S 
sigma70,insD7,+,W 
sigma70,intQ,+,W 
sigma70,intS,+,S 
sigma70,iraD,+,S 
sigma70,iraM,+,S 
sigma70,iraP,+,S 
sigma70,iscA,+,S 
sigma70,iscR,+,S 
sigma70,iscS,+,S 
sigma70,iscU,+,S 
sigma70,iscX,+,S 
sigma70,ispA,+,W 
sigma70,ispH,+,S 
sigma70,isrC,+,S 
sigma70,istR,+,S 
sigma70,ivbL,+,S 
sigma70,katG,+,S 
sigma70,kbaY,+,S 
sigma70,kbaZ,+,S 
sigma70,kbl,+,S 
sigma70,kdpA,+,S 
sigma70,kdpB,+,S 
sigma70,kdpC,+,S 
sigma70,kdpF,+,S 
sigma70,kdsA,+,S 
sigma70,kdsB,+,S 
sigma70,kdsC,+,S 
sigma70,kdsD,+,S 
sigma70,lacA,+,S 
sigma70,lacI,+,S 
sigma70,lacY,+,S 
sigma70,lacZ,+,S 
sigma70,lamB,+,W 
sigma70,lapA,+,S 
sigma70,lapB,+,S 
sigma70,ldtC,+,S 
sigma70,leuA,+,S 
sigma70,leuB,+,S 
sigma70,leuC,+,S 
sigma70,leuD,+,S 
sigma70,leuL,+,S 
sigma70,leuO,+,S 
sigma70,leuP,+,W 
sigma70,leuQ,+,W 
sigma70,leuT,+,C 
sigma70,leuU,+,S 
sigma70,leuV,+,W 
sigma70,leuW,+,W 
sigma70,leuX,+,W 
sigma70,leuZ,+,W 
sigma70,lexA,+,S 
sigma70,lgt,+,S 
sigma70,lhr,+,S 
sigma70,lipB,+,W 
sigma70,livF,+,S 
sigma70,livG,+,S 
sigma70,livH,+,S 
sigma70,livJ,+,S 
sigma70,livK,+,S 
sigma70,livM,+,S 
sigma70,lldD,+,S 
sigma70,lldP,+,S 
sigma70,lldR,+,S 
sigma70,loiP,+,S 
sigma70,lolA,+,S 
sigma70,lon,+,W 
sigma70,lpd,+,S 
sigma70,lptA,+,S 
sigma70,lptB,+,S 
sigma70,lptC,+,S 
sigma70,lptD,+,S 
sigma70,lptM,+,S 
sigma70,lpxC,+,W 
sigma70,lpxT,+,S 
sigma70,lrp,+,S 
sigma70,lspA,+,S 
sigma70,lsrK,+,W 
sigma70,lsrR,+,W 
sigma70,lysA,+,W 
sigma70,lysC,+,S 
sigma70,lysO,+,S 
sigma70,lysP,+,S 
sigma70,lysR,+,W 
sigma70,lysT,+,W 
sigma70,lysU,+,S 
sigma70,lysV,+,W 
sigma70,lysW,+,W 
sigma70,lyxK,+,S 
sigma70,malE,+,S 
sigma70,malF,+,S 
sigma70,malG,+,S 
sigma70,malH,+,S 
sigma70,malI,+,S 
sigma70,malK,+,W 
sigma70,malM,+,W 
sigma70,malP,+,W 
sigma70,malQ,+,W 
sigma70,malS,+,S 
sigma70,malT,+,S 
sigma70,malX,+,S 
sigma70,malY,+,S 
sigma70,manA,+,S 
sigma70,manX,+,S 
sigma70,manY,+,S 
sigma70,manZ,+,S 
sigma70,marA,+,W 
sigma70,marB,+,W 
sigma70,marR,+,W 
sigma70,mazE,+,C 
sigma70,mazF,+,C 
sigma70,mcbA,+,W 
sigma70,mdh,+,S 
sigma70,mdtE,+,S 
sigma70,mdtF,+,S 
sigma70,mdtI,+,S 
sigma70,mdtJ,+,S 
sigma70,mdtU,+,S 
sigma70,melA,+,S 
sigma70,melB,+,S 
sigma70,melR,+,S 
sigma70,menA,+,S 
sigma70,mepH,+,W 
sigma70,metA,+,S 
sigma70,metB,+,S 
sigma70,metC,+,W 
sigma70,metF,+,S 
sigma70,metG,+,S 
sigma70,metH,+,W 
sigma70,metI,+,W 
sigma70,metJ,+,S 
sigma70,metK,+,S 
sigma70,metL,+,S 
sigma70,metN,+,W 
sigma70,metQ,+,W 
sigma70,metT,+,W 
sigma70,metU,+,W 
sigma70,metV,+,S 
sigma70,metW,+,S 
sigma70,metY,+,S 
sigma70,metZ,+,S 
sigma70,mfd,+,S 
sigma70,mglA,+,W 
sigma70,mglB,+,W 
sigma70,mglC,+,W 
sigma70,mgrR,+,S 
sigma70,mgtA,+,S 
sigma70,mgtL,+,S 
sigma70,mgtS,+,S 
sigma70,mhpA,+,S 
sigma70,mhpB,+,S 
sigma70,mhpC,+,S 
sigma70,mhpD,+,S 
sigma70,mhpE,+,S 
sigma70,mhpF,+,S 
sigma70,mhpR,+,S 
sigma70,miaA,+,S 
sigma70,micC,+,C 
sigma70,micF,+,S 
sigma70,mioC,+,S 
sigma70,mlc,+,S 
sigma70,mlrA,+,S 
sigma70,mltF,+,W 
sigma70,mngB,+,S 
sigma70,mngR,+,W 
sigma70,mnmG,+,S 
sigma70,mntH,+,S 
sigma70,mntP,+,S 
sigma70,mntS,+,S 
sigma70,modA,+,S 
sigma70,modB,+,S 
sigma70,modC,+,S 
sigma70,moeA,+,S 
sigma70,moeB,+,S 
sigma70,mpl,+,W 
sigma70,mprA,+,S 
sigma70,mqsA,+,S 
sigma70,mqsR,+,S 
sigma70,mraY,+,S 
sigma70,mraZ,+,S 
sigma70,mreB,+,S 
sigma70,mreC,+,S 
sigma70,mreD,+,S 
sigma70,mrp,+,S 
sigma70,msrB,+,S 
sigma70,msrP,+,W 
sigma70,msrQ,+,W 
sigma70,mtlA,+,W 
sigma70,mtlD,+,W 
sigma70,mtlR,+,W 
sigma70,mtn,+,S 
sigma70,mtr,+,S 
sigma70,mukB,+,W 
sigma70,mukE,+,W 
sigma70,mukF,+,W 
sigma70,murC,+,S 
sigma70,murD,+,S 
sigma70,murE,+,S 
sigma70,murF,+,S 
sigma70,murG,+,S 
sigma70,murI,+,S 
sigma70,murP,+,S 
sigma70,murQ,+,S 
sigma70,murR,+,S 
sigma70,mutL,+,S 
sigma70,mzrA,+,S 
sigma70,nadB,+,W 
sigma70,nadE,+,S 
sigma70,nagA,+,S 
sigma70,nagB,+,S 
sigma70,nagC,+,S 
sigma70,nagE,+,S 
sigma70,nanA,+,S 
sigma70,nanE,+,S 
sigma70,nanK,+,S 
sigma70,nanQ,+,S 
sigma70,nanT,+,S 
sigma70,nanY,+,S 
sigma70,napA,+,S 
sigma70,napB,+,S 
sigma70,napC,+,S 
sigma70,napD,+,S 
sigma70,napF,+,S 
sigma70,napG,+,S 
sigma70,napH,+,S 
sigma70,narG,+,S 
sigma70,narH,+,S 
sigma70,narI,+,S 
sigma70,narJ,+,S 
sigma70,narK,+,S 
sigma70,narL,+,W 
sigma70,narS,+,S 
sigma70,narU,+,W 
sigma70,narX,+,W 
sigma70,ndh,+,S 
sigma70,nei,+,S 
sigma70,nemA,+,S 
sigma70,nemR,+,S 
sigma70,nfeF,+,W 
sigma70,nfo,+,S 
sigma70,nfsA,+,S 
sigma70,nfsB,+,W 
sigma70,nfuA,+,W 
sigma70,nhaA,+,S 
sigma70,nhaR,+,S 
sigma70,nirB,+,S 
sigma70,nirC,+,S 
sigma70,nirD,+,S 
sigma70,nlpD,+,S 
sigma70,nnr,+,C 
sigma70,nohA,+,W 
sigma70,npr,+,W 
sigma70,nrdA,+,S 
sigma70,nrdB,+,S 
sigma70,nrdD,+,S 
sigma70,nrdE,+,S 
sigma70,nrdF,+,S 
sigma70,nrdG,+,S 
sigma70,nrdH,+,S 
sigma70,nrdI,+,S 
sigma70,nrdR,+,W 
sigma70,nrfA,+,S 
sigma70,nrfB,+,S 
sigma70,nrfC,+,S 
sigma70,nrfD,+,S 
sigma70,nrfE,+,S 
sigma70,nrfF,+,S 
sigma70,nrfG,+,S 
sigma70,nudB,+,W 
sigma70,nuoA,+,S 
sigma70,nuoB,+,S 
sigma70,nuoC,+,S 
sigma70,nuoE,+,S 
sigma70,nuoF,+,S 
sigma70,nuoG,+,S 
sigma70,nuoH,+,S 
sigma70,nuoI,+,S 
sigma70,nuoJ,+,S 
sigma70,nuoK,+,S 
sigma70,nuoL,+,S 
sigma70,nuoM,+,S 
sigma70,nuoN,+,S 
sigma70,nupC,+,S 
sigma70,nupG,+,S 
sigma70,nusA,+,S 
sigma70,nusB,+,W 
sigma70,obgE,+,S 
sigma70,ohsC,+,S 
sigma70,ompA,+,S 
sigma70,ompC,+,C 
sigma70,ompF,+,S 
sigma70,ompN,+,W 
sigma70,ompR,+,S 
sigma70,ompX,+,S 
sigma70,opgG,+,S 
sigma70,opgH,+,S 
sigma70,osmB,+,S 
sigma70,osmC,+,S 
sigma70,osmE,+,S 
sigma70,osmY,+,S 
sigma70,oxc,+,S 
sigma70,oxyR,+,S 
sigma70,oxyS,+,W 
sigma70,paaA,+,S 
sigma70,paaB,+,S 
sigma70,paaC,+,S 
sigma70,paaD,+,S 
sigma70,paaE,+,S 
sigma70,paaF,+,S 
sigma70,paaG,+,S 
sigma70,paaH,+,S 
sigma70,paaI,+,S 
sigma70,paaJ,+,S 
sigma70,paaK,+,S 
sigma70,paaX,+,S 
sigma70,paaY,+,S 
sigma70,pabA,+,S 
sigma70,panB,+,W 
sigma70,panC,+,W 
sigma70,panD,+,S 
sigma70,panF,+,S 
sigma70,patZ,+,W 
sigma70,pck,+,W 
sigma70,pcm,+,S 
sigma70,pcnB,+,S 
sigma70,pdeL,+,W 
sigma70,pdhR,+,C 
sigma70,pdxJ,+,S 
sigma70,pepA,+,S 
sigma70,pepD,+,S 
sigma70,pepP,+,S 
sigma70,pfkA,+,S 
sigma70,pflA,+,S 
sigma70,pflB,+,S 
sigma70,pgi,+,C 
sigma70,pgk,+,S 
sigma70,pgpA,+,W 
sigma70,pgpB,+,S 
sigma70,pheA,+,S 
sigma70,pheL,+,S 
sigma70,pheP,+,S 
sigma70,pheU,+,W 
sigma70,pheV,+,W 
sigma70,phnC,+,S 
sigma70,phnD,+,S 
sigma70,phnE,+,S 
sigma70,phnF,+,S 
sigma70,phnG,+,S 
sigma70,phnH,+,S 
sigma70,phnI,+,S 
sigma70,phnJ,+,S 
sigma70,phnK,+,S 
sigma70,phnL,+,S 
sigma70,phnM,+,S 
sigma70,phnN,+,S 
sigma70,phnO,+,S 
sigma70,phnP,+,S 
sigma70,phoA,+,W 
sigma70,phoB,+,W 
sigma70,phoE,+,S 
sigma70,phoH,+,S 
sigma70,phoR,+,W 
sigma70,phoU,+,S 
sigma70,pitB,+,W 
sigma70,plaR,+,S 
sigma70,pldA,+,W 
sigma70,plsX,+,S 
sigma70,pncB,+,S 
sigma70,pnp,+,S 
sigma70,pntA,+,W 
sigma70,pntB,+,W 
sigma70,polB,+,W 
sigma70,poxB,+,C 
sigma70,ppdD,+,W 
sigma70,ppiA,+,S 
sigma70,ppiD,+,S 
sigma70,ppsA,+,S 
sigma70,pqiA,+,S 
sigma70,pqiB,+,S 
sigma70,pqiC,+,S 
sigma70,preA,+,W 
sigma70,preT,+,W 
sigma70,prfA,+,S 
sigma70,prfC,+,S 
sigma70,priB,+,W 
sigma70,prlF,+,W 
sigma70,prmA,+,S 
sigma70,prmC,+,S 
sigma70,proK,+,W 
sigma70,proL,+,W 
sigma70,proM,+,C 
sigma70,proP,+,S 
sigma70,proS,+,S 
sigma70,proV,+,S 
sigma70,proW,+,S 
sigma70,proX,+,S 
sigma70,prpR,+,W 
sigma70,prs,+,S 
sigma70,psiE,+,S 
sigma70,psiF,+,W 
sigma70,pspF,+,S 
sigma70,pssA,+,S 
sigma70,pssL,+,S 
sigma70,pstA,+,S 
sigma70,pstB,+,W 
sigma70,pstC,+,S 
sigma70,pstS,+,S 
sigma70,pta,+,S 
sigma70,pth,+,S 
sigma70,ptrA,+,S 
sigma70,ptsG,+,S 
sigma70,ptsH,+,S 
sigma70,ptsI,+,S 
sigma70,ptsN,+,W 
sigma70,purA,+,S 
sigma70,purB,+,S 
sigma70,purC,+,S 
sigma70,purD,+,S 
sigma70,purE,+,S 
sigma70,purF,+,C 
sigma70,purH,+,S 
sigma70,purK,+,S 
sigma70,purL,+,S 
sigma70,purM,+,S 
sigma70,purN,+,S 
sigma70,purR,+,S 
sigma70,purT,+,W 
sigma70,purU,+,S 
sigma70,putA,+,S 
sigma70,putP,+,S 
sigma70,pykA,+,W 
sigma70,pykF,+,W 
sigma70,pyrC,+,S 
sigma70,pyrD,+,S 
sigma70,pyrF,+,S 
sigma70,pyrH,+,S 
sigma70,qseB,+,S 
sigma70,qseC,+,S 
sigma70,rapA,+,S 
sigma70,rapZ,+,W 
sigma70,rarA,+,S 
sigma70,rbfA,+,S 
sigma70,rbn,+,S 
sigma70,rbsA,+,S 
sigma70,rbsB,+,S 
sigma70,rbsC,+,S 
sigma70,rbsD,+,S 
sigma70,rbsK,+,S 
sigma70,rbsR,+,S 
sigma70,rbsZ,+,S 
sigma70,rcnA,+,S 
sigma70,rcnB,+,S 
sigma70,rcnR,+,S 
sigma70,rcsA,+,S 
sigma70,rcsB,+,S 
sigma70,rcsD,+,S 
sigma70,rdlD,+,S 
sigma70,recA,+,S 
sigma70,recB,+,S 
sigma70,recC,+,S 
sigma70,recD,+,S 
sigma70,recF,+,S 
sigma70,recG,+,W 
sigma70,recJ,+,W 
sigma70,recN,+,W 
sigma70,recO,+,S 
sigma70,recQ,+,W 
sigma70,recX,+,S 
sigma70,relA,+,C 
sigma70,relB,+,S 
sigma70,relE,+,S 
sigma70,rep,+,S 
sigma70,rfaD,+,S 
sigma70,rfe,+,W 
sigma70,rffC,+,W 
sigma70,rffG,+,W 
sigma70,rffH,+,W 
sigma70,rffM,+,W 
sigma70,rhaA,+,S 
sigma70,rhaB,+,S 
sigma70,rhaD,+,S 
sigma70,rhaR,+,S 
sigma70,rhaS,+,S 
sigma70,rhaT,+,S 
sigma70,ribA,+,S 
sigma70,ribD,+,W 
sigma70,ribE,+,W 
sigma70,ribF,+,C 
sigma70,rihB,+,S 
sigma70,rimK,+,W 
sigma70,rimM,+,S 
sigma70,rimP,+,S 
sigma70,rirA,+,C 
sigma70,rlmE,+,S 
sigma70,rluA,+,S 
sigma70,rnb,+,S 
sigma70,rnc,+,S 
sigma70,rnd,+,S 
sigma70,rne,+,S 
sigma70,rnlA,+,S 
sigma70,rnlB,+,S 
sigma70,rnpB,+,W 
sigma70,rnt,+,S 
sigma70,rpe,+,S 
sigma70,rpiB,+,S 
sigma70,rplB,+,S 
sigma70,rplC,+,S 
sigma70,rplD,+,S 
sigma70,rplI,+,W 
sigma70,rplP,+,S 
sigma70,rplQ,+,C 
sigma70,rplS,+,S 
sigma70,rplT,+,S 
sigma70,rplU,+,S 
sigma70,rplV,+,S 
sigma70,rplW,+,S 
sigma70,rplY,+,W 
sigma70,rpmA,+,S 
sigma70,rpmC,+,S 
sigma70,rpmI,+,S 
sigma70,rpoA,+,C 
sigma70,rpoD,+,S 
sigma70,rpoE,+,S 
sigma70,rpoH,+,S 
sigma70,rpoN,+,W 
sigma70,rpoS,+,S 
sigma70,rpoZ,+,W 
sigma70,rpsA,+,S 
sigma70,rpsB,+,C 
sigma70,rpsC,+,S 
sigma70,rpsD,+,C 
sigma70,rpsF,+,W 
sigma70,rpsJ,+,S 
sigma70,rpsK,+,C 
sigma70,rpsM,+,C 
sigma70,rpsO,+,S 
sigma70,rpsP,+,S 
sigma70,rpsQ,+,S 
sigma70,rpsR,+,W 
sigma70,rpsS,+,S 
sigma70,rpsU,+,C 
sigma70,rraA,+,S 
sigma70,rraB,+,S 
sigma70,rrfA,+,W 
sigma70,rrfB,+,S 
sigma70,rrfC,+,W 
sigma70,rrfD,+,S 
sigma70,rrfE,+,W 
sigma70,rrfF,+,S 
sigma70,rrfG,+,W 
sigma70,rrfH,+,S 
sigma70,rrlA,+,W 
sigma70,rrlB,+,S 
sigma70,rrlC,+,W 
sigma70,rrlD,+,S 
sigma70,rrlE,+,W 
sigma70,rrlG,+,W 
sigma70,rrlH,+,S 
sigma70,rrsA,+,W 
sigma70,rrsB,+,S 
sigma70,rrsC,+,W 
sigma70,rrsD,+,S 
sigma70,rrsE,+,W 
sigma70,rrsG,+,W 
sigma70,rrsH,+,S 
sigma70,rsd,+,S 
sigma70,rseA,+,S 
sigma70,rseB,+,S 
sigma70,rseC,+,S 
sigma70,rseD,+,S 
sigma70,rsmG,+,S 
sigma70,rsmH,+,S 
sigma70,rutR,+,S 
sigma70,ruvC,+,W 
sigma70,rybA,+,S 
sigma70,rydC,+,S 
sigma70,ryeA,+,S 
sigma70,ryfD,+,S 
sigma70,ryhB,+,S 
sigma70,ryjB,+,S 
sigma70,safA,+,S 
sigma70,sbcC,+,W 
sigma70,sbcD,+,W 
sigma70,sdhA,+,S 
sigma70,sdhB,+,S 
sigma70,sdhC,+,S 
sigma70,sdhD,+,S 
sigma70,sdhX,+,S 
sigma70,sdiA,+,S 
sigma70,secB,+,S 
sigma70,secG,+,S 
sigma70,serA,+,S 
sigma70,serC,+,S 
sigma70,serT,+,S 
sigma70,serU,+,W 
sigma70,serV,+,W 
sigma70,serW,+,S 
sigma70,serX,+,W 
sigma70,setA,+,S 
sigma70,sfsA,+,W 
sigma70,sgbE,+,S 
sigma70,sgbH,+,S 
sigma70,sgbU,+,S 
sigma70,sgrR,+,W 
sigma70,sgrS,+,S 
sigma70,sgrT,+,S 
sigma70,shiA,+,S 
sigma70,shoB,+,S 
sigma70,sibA,+,S 
sigma70,sibB,+,S 
sigma70,sibD,+,S 
sigma70,sibE,+,S 
sigma70,sixA,+,S 
sigma70,slmA,+,W 
sigma70,slp,+,S 
sigma70,sodA,+,S 
sigma70,sodB,+,C 
sigma70,sohB,+,W 
sigma70,sokB,+,S 
sigma70,sokC,+,S 
sigma70,soxR,+,S 
sigma70,soxS,+,S 
sigma70,speA,+,W 
sigma70,speB,+,W 
sigma70,speD,+,S 
sigma70,speE,+,S 
sigma70,spf,+,W 
sigma70,spfP,+,W 
sigma70,spoT,+,W 
sigma70,spy,+,S 
sigma70,sraG,+,S 
sigma70,srkA,+,S 
sigma70,srlA,+,S 
sigma70,srlB,+,S 
sigma70,srlD,+,S 
sigma70,srlE,+,S 
sigma70,srlR,+,S 
sigma70,sroA,+,W 
sigma70,sroC,+,W 
sigma70,sroD,+,S 
sigma70,ssb,+,S 
sigma70,ssnA,+,S 
sigma70,ssrA,+,S 
sigma70,ssrS,+,S 
sigma70,ssuA,+,S 
sigma70,ssuB,+,S 
sigma70,ssuC,+,S 
sigma70,ssuD,+,S 
sigma70,ssuE,+,S 
sigma70,stfQ,+,W 
sigma70,stfZ,+,W 
sigma70,stpA,+,S 
sigma70,sucA,+,S 
sigma70,sucB,+,S 
sigma70,sucC,+,S 
sigma70,sucD,+,S 
sigma70,sufA,+,S 
sigma70,sufB,+,S 
sigma70,sufC,+,S 
sigma70,sufD,+,S 
sigma70,sufE,+,S 
sigma70,sufS,+,S 
sigma70,sulA,+,C 
sigma70,sutR,+,S 
sigma70,sxy,+,S 
sigma70,symE,+,W 
sigma70,symR,+,S 
sigma70,tatA,+,W 
sigma70,tatB,+,W 
sigma70,tatC,+,W 
sigma70,tatD,+,W 
sigma70,tcyJ,+,S 
sigma70,tdh,+,S 
sigma70,tfaQ,+,W 
sigma70,tff,+,C 
sigma70,thiB,+,W 
sigma70,thiL,+,W 
sigma70,thiP,+,W 
sigma70,thiQ,+,W 
sigma70,thrA,+,S 
sigma70,thrB,+,S 
sigma70,thrC,+,S 
sigma70,thrL,+,S 
sigma70,thrT,+,W 
sigma70,thrU,+,W 
sigma70,thrV,+,S 
sigma70,thrW,+,W 
sigma70,thyA,+,S 
sigma70,tnaA,+,S 
sigma70,tnaB,+,S 
sigma70,tnaC,+,S 
sigma70,tomB,+,S 
sigma70,tonB,+,S 
sigma70,topA,+,S 
sigma70,torA,+,S 
sigma70,torC,+,S 
sigma70,torD,+,S 
sigma70,torR,+,S 
sigma70,tpiA,+,W 
sigma70,tpr,+,C 
sigma70,tpx,+,S 
sigma70,treB,+,S 
sigma70,treC,+,S 
sigma70,treR,+,S 
sigma70,trmD,+,S 
sigma70,trmH,+,W 
sigma70,trpA,+,S 
sigma70,trpB,+,S 
sigma70,trpC,+,S 
sigma70,trpD,+,S 
sigma70,trpE,+,S 
sigma70,trpL,+,S 
sigma70,trpR,+,C 
sigma70,trpS,+,S 
sigma70,truB,+,S 
sigma70,trxA,+,S 
sigma70,trxC,+,S 
sigma70,tsaE,+,C 
sigma70,tsf,+,C 
sigma70,tsr,+,W 
sigma70,tsx,+,S 
sigma70,ttdA,+,W 
sigma70,ttdB,+,W 
sigma70,ttdT,+,W 
sigma70,tufA,+,S 
sigma70,tufB,+,W 
sigma70,tynA,+,W 
sigma70,tyrA,+,S 
sigma70,tyrB,+,C 
sigma70,tyrP,+,S 
sigma70,tyrR,+,S 
sigma70,tyrT,+,C 
sigma70,tyrU,+,W 
sigma70,tyrV,+,C 
sigma70,ubiA,+,W 
sigma70,ubiC,+,W 
sigma70,ubiG,+,W 
sigma70,ubiH,+,S 
sigma70,ubiI,+,S 
sigma70,ubiX,+,C 
sigma70,udp,+,S 
sigma70,ugpA,+,S 
sigma70,ugpB,+,S 
sigma70,ugpC,+,S 
sigma70,ugpE,+,S 
sigma70,ugpQ,+,S 
sigma70,uhpT,+,S 
sigma70,uhpU,+,S 
sigma70,uidR,+,W 
sigma70,ulaA,+,S 
sigma70,ulaB,+,S 
sigma70,ulaC,+,S 
sigma70,ulaD,+,S 
sigma70,ulaE,+,S 
sigma70,ulaF,+,S 
sigma70,umpG,+,S 
sigma70,umpH,+,S 
sigma70,umuC,+,S 
sigma70,umuD,+,S 
sigma70,upp,+,S 
sigma70,uraA,+,S 
sigma70,uspA,+,S 
sigma70,uvrA,+,S 
sigma70,uvrB,+,S 
sigma70,uvrC,+,S 
sigma70,uvrD,+,S 
sigma70,uvrY,+,S 
sigma70,uxaA,+,W 
sigma70,uxaB,+,S 
sigma70,uxaC,+,W 
sigma70,uxuA,+,S 
sigma70,uxuB,+,S 
sigma70,uxuR,+,W 
sigma70,valS,+,S 
sigma70,valT,+,W 
sigma70,valU,+,W 
sigma70,valV,+,S 
sigma70,valW,+,S 
sigma70,valX,+,W 
sigma70,valY,+,W 
sigma70,waaA,+,S 
sigma70,waaB,+,C 
sigma70,waaC,+,S 
sigma70,waaF,+,S 
sigma70,waaG,+,C 
sigma70,waaH,+,W 
sigma70,waaJ,+,C 
sigma70,waaL,+,S 
sigma70,waaO,+,C 
sigma70,waaP,+,C 
sigma70,waaQ,+,C 
sigma70,waaS,+,C 
sigma70,waaU,+,C 
sigma70,waaY,+,S 
sigma70,waaZ,+,S 
sigma70,wcaA,+,S 
sigma70,wcaB,+,S 
sigma70,wecB,+,W 
sigma70,wecC,+,W 
sigma70,wecE,+,W 
sigma70,wecF,+,W 
sigma70,wza,+,S 
sigma70,wzb,+,S 
sigma70,wzc,+,S 
sigma70,wzxE,+,W 
sigma70,wzyE,+,W 
sigma70,wzzE,+,W 
sigma70,xapA,+,S 
sigma70,xapB,+,S 
sigma70,xapR,+,S 
sigma70,xerC,+,S 
sigma70,xerD,+,W 
sigma70,xseA,+,W 
sigma70,xseB,+,W 
sigma70,xtpA,+,W 
sigma70,xylE,+,W 
sigma70,yacC,+,S 
sigma70,yadS,+,S 
sigma70,yadV,+,S 
sigma70,yafN,+,W 
sigma70,yafO,+,W 
sigma70,yafP,+,W 
sigma70,yafQ,+,W 
sigma70,yagK,+,W 
sigma70,yaiA,+,S 
sigma70,yajG,+,S 
sigma70,yajO,+,W 
sigma70,ybbY,+,W 
sigma70,ybdN,+,W 
sigma70,ybdZ,+,S 
sigma70,ybeD,+,W 
sigma70,ybhF,+,W 
sigma70,ybhG,+,W 
sigma70,ybhL,+,S 
sigma70,ybhR,+,W 
sigma70,ybhS,+,W 
sigma70,ybiB,+,W 
sigma70,ybjC,+,S 
sigma70,ybjN,+,W 
sigma70,ycaR,+,S 
sigma70,yccA,+,S 
sigma70,ycdZ,+,W 
sigma70,yceI,+,W 
sigma70,yceJ,+,W 
sigma70,ycgZ,+,S 
sigma70,ychA,+,S 
sigma70,ychF,+,S 
sigma70,ychH,+,S 
sigma70,ychO,+,W 
sigma70,ychQ,+,S 
sigma70,yciB,+,W 
sigma70,yciC,+,W 
sigma70,yciE,+,W 
sigma70,yciH,+,S 
sigma70,yciW,+,W 
sigma70,yciX,+,S 
sigma70,ydeI,+,W 
sigma70,ydeJ,+,W 
sigma70,ydeM,+,S 
sigma70,ydeN,+,S 
sigma70,ydeO,+,S 
sigma70,ydeP,+,S 
sigma70,ydfA,+,S 
sigma70,ydfB,+,S 
sigma70,ydfC,+,S 
sigma70,ydfD,+,W 
sigma70,ydfE,+,W 
sigma70,ydfW,+,S 
sigma70,ydfX,+,S 
sigma70,ydjM,+,W 
sigma70,yeaE,+,W 
sigma70,yeaR,+,S 
sigma70,yebB,+,W 
sigma70,yebC,+,W 
sigma70,yebE,+,S 
sigma70,yebG,+,W 
sigma70,yefM,+,S 
sigma70,yegR,+,S 
sigma70,yegZ,+,S 
sigma70,yehF,+,S 
sigma70,yeiB,+,W 
sigma70,yfaE,+,S 
sigma70,yfdE,+,S 
sigma70,yfdV,+,S 
sigma70,yfdX,+,S 
sigma70,yffB,+,W 
sigma70,yfgG,+,C 
sigma70,yfiB,+,S 
sigma70,yfiR,+,S 
sigma70,ygeA,+,S 
sigma70,ygeH,+,W 
sigma70,ygfB,+,S 
sigma70,yhaV,+,W 
sigma70,yhbE,+,S 
sigma70,yhdT,+,S 
sigma70,yhfA,+,S 
sigma70,yhgH,+,W 
sigma70,yhhY,+,W 
sigma70,yhiD,+,S 
sigma70,yhjR,+,S 
sigma70,yhjX,+,S 
sigma70,yiaK,+,S 
sigma70,yiaL,+,S 
sigma70,yiaM,+,S 
sigma70,yiaN,+,S 
sigma70,yiaO,+,S 
sigma70,yibN,+,S 
sigma70,yigA,+,S 
sigma70,yigB,+,S 
sigma70,yihI,+,S 
sigma70,yihS,+,S 
sigma70,yihT,+,S 
sigma70,yihU,+,S 
sigma70,yihV,+,S 
sigma70,yjbE,+,S 
sigma70,yjbF,+,S 
sigma70,yjbG,+,S 
sigma70,yjbH,+,S 
sigma70,yjcH,+,W 
sigma70,yjeV,+,S 
sigma70,yjjQ,+,S 
sigma70,yjjZ,+,S 
sigma70,ykgM,+,W 
sigma70,ykgO,+,W 
sigma70,ykgR,+,S 
sigma70,yliM,+,S 
sigma70,ymgA,+,S 
sigma70,ymgC,+,S 
sigma70,ymiA,+,S 
sigma70,ymiC,+,S 
sigma70,ynfE,+,S 
sigma70,ynfF,+,S 
sigma70,ynfG,+,S 
sigma70,ynfH,+,S 
sigma70,yoaE,+,S 
sigma70,yoaG,+,S 
sigma70,yobF,+,S 
sigma70,yoeB,+,S 
sigma70,yojI,+,W 
sigma70,ypfN,+,W 
sigma70,yqhD,+,S 
sigma70,yqjA,+,S 
sigma70,yrbG,+,S 
sigma70,yrbN,+,S 
sigma70,ysgA,+,W 
sigma70,ytiC,+,S 
sigma70,ytiD,+,S 
sigma70,zinT,+,S 
sigma70,zntA,+,S 
sigma70,znuB,+,S 
sigma70,znuC,+,S
